model,accuracy,precision,recall,f1,auc
RandomForest,0.8115,0.5267857142857143,0.7248157248157249,0.610134436401241,0.856483602246314
XGBoost,0.7135,0.4048165137614679,0.8673218673218673,0.5519937451133698,0.8667959176433753
LightGBM,0.7025,0.39461883408071746,0.8648648648648649,0.541955350269438,0.8687238856730382
LogisticRegression,0.593,0.31650135256988277,0.8624078624078624,0.4630606860158311,0.7851595817697513
